Method,MAE
Median,3.9273687793989067
Mean,4.118830838127554
Moving Average (7d),4.886564154621389
Seasonal Naive,5.392787569453552
Last Value,6.274140929125683
