Cluster,Type,Households,Direct MAE,Global Recursive MAE,Improvement,Improvement %
0,Low/Vacant,444,1.6732,1.4880293796132156,0.18517062038678445,11.066855151015087
1,Medium,14620,3.1541,2.915097614984367,0.2390023850156333,7.57751450542574
2,Intermittent,66,0.7151,0.6833270601708125,0.031772939829187496,4.443146389202559
3,High,2417,18.8604,12.468075663273568,6.39232433672643,33.89283544742652
